id,toy_description_id,name,price,image,quantity
1,1,ABC Building Blocks,19.99,abc_blocks.jpg,50
2,2,Plush Teddy Bear,14.95,teddy_bear.jpg,30
3,3,Dino Adventure Set,29.99,dino_set.jpg,20
4,4,Interactive Learning Tablet,39.99,learning_tablet.jpg,15
5,5,Artistic Coloring Kit,16.49,coloring_kit.jpg,40
6,6,Robot Building Kit,24.99,robot_kit.jpg,25
7,7,Puzzle Play Mat,22.95,puzzle_mat.jpg,35
8,8,Adventure Play Tent,34.99,play_tent.jpg,18
9,9,Musical Instruments Set,27.5,music_set.jpg,22
10,10,Remote Control Car,32.99,rc_car.jpg,12
11,11,Soft Baby Rattle,9.95,baby_rattle.jpg,50
12,12,Creative Play Dough Kit,18.75,play_dough_kit.jpg,28
13,13,Outdoor Sports Ball Set,26.5,sports_ball_set.jpg,15
14,14,Wooden Alphabet Blocks,12.99,alphabet_blocks.jpg,40
15,15,Toy Kitchen Playset,49.99,kitchen_playset.jpg,10
16,16,Science Experiment Kit,36.75,science_kit.jpg,20
17,17,Soft Dollhouse,28.95,dollhouse.jpg,16
18,18,Construction Vehicle Set,19.5,construction_vehicles.jpg,25
19,19,Chess and Checkers Set,21.99,chess_set.jpg,18
20,20,Stuffed Animal Zoo,31.25,stuffed_animal_zoo.jpg,12
21,21,Remote Control Helicopter,45.5,helicopter_rc.jpg,15
22,22,Interactive Storybook,14.99,storybook.jpg,30
23,23,Magnetic Building Tiles,26.99,magnetic_tiles.jpg,20
24,24,Dress-Up Costume Set,29.95,dress_up_costume.jpg,18
25,25,Bouncing Ball with Handle,12.75,bouncing_ball.jpg,40
26,26,Toy Doctor Kit,19.99,doctor_kit.jpg,25
27,27,Wooden Train Set,34.5,train_set.jpg,15
28,28,Animal Shape Sorting Cube,15.25,sorting_cube.jpg,30
29,29,Colorful Play Tunnel,22.99,play_tunnel.jpg,20
30,30,Art Easel with Accessories,39.95,art_easel.jpg,12
31,31,Interactive Talking Robot,49.99,talking_robot.jpg,10
32,32,Construction Paper Set,9.5,construction_paper.jpg,35
33,33,Magic Wand and Hat Set,16.75,magic_wand_set.jpg,25
34,34,Wooden Jigsaw Puzzles,13.99,jigsaw_puzzles.jpg,30
35,35,Outdoor Explorer Kit,28.95,explorer_kit.jpg,15
36,36,Plush Animal Hand Puppets,19.25,hand_puppets.jpg,20
37,37,Miniature Dollhouse Furniture,12.99,dollhouse_furniture.jpg,40
38,38,Soccer Ball and Goal Set,24.5,soccer_set.jpg,18
39,39,Musical Keyboard for Kids,36.99,musical_keyboard.jpg,12
40,40,Science Fiction Spaceship,42.5,spaceship_toy.jpg,10
41,41,Artificial Intelligence Robot,59.99,ai_robot.jpg,8
42,42,Basketball Hoop and Ball Set,29.75,basketball_set.jpg,15
43,43,Wooden Building Blocks,17.99,wooden_blocks.jpg,25
44,44,Princess Castle Play Tent,32.95,castle_tent.jpg,12
45,45,Robot Dinosaur Toy,23.5,robot_dinosaur.jpg,20
46,46,Finger Painting Kit,14.25,finger_painting_kit.jpg,30
47,47,Adventure Playset with Figures,39.99,adventure_playset.jpg,10
48,48,Magnetic Fishing Game,18.5,fishing_game.jpg,25
49,49,Tea Party Pretend Playset,26.75,tea_party_set.jpg,18
50,50,Electronic Learning Pad,31.99,learning_pad.jpg,15
51,51,Wooden Dollhouse,49.5,dollhouse_wooden.jpg,12
52,52,Miniature Train Set,15.99,mini_train_set.jpg,20
53,53,Artificial Intelligence Coding Robot,54.99,ai_coding_robot.jpg,10
54,54,Colorful Play Dough Set,12.75,play_dough_set.jpg,30
55,55,Outdoor Adventure Binoculars,19.25,binoculars.jpg,25
56,56,Magnetic Alphabet Letters,14.5,alphabet_magnets.jpg,40
57,57,Doctor Role Play Set,29.95,doctor_role_play.jpg,18
58,58,Remote Control Boat,38.5,rc_boat.jpg,15
59,59,Plush Unicorn,22.99,plush_unicorn.jpg,20
60,60,Educational Solar System Kit,33.75,solar_system_kit.jpg,12
61,61,Magnetic Building Blocks,24.99,magnetic_building_blocks.jpg,20
62,62,Kids Gardening Set,19.75,gardening_set.jpg,18
63,63,Remote Control Quadcopter,59.99,quadcopter.jpg,10
64,64,Wooden Memory Match Game,14.25,memory_match_game.jpg,30
65,65,Stuffed Animal Storage Hammock,13.5,storage_hammock.jpg,25
66,66,Toy Cash Register,26.99,cash_register.jpg,18
67,67,Race Car Track Set,32.5,race_car_track_set.jpg,15
68,68,Interactive Learning Globe,49.99,learning_globe.jpg,12
69,69,Soft Baby Book Set,18.75,soft_baby_books.jpg,20
70,70,Dinosaur Fossil Dig Kit,21.5,fossil_dig_kit.jpg,15
71,71,Wooden Pattern Blocks,12.99,pattern_blocks.jpg,30
72,72,Pretend Play Kitchen Set,42.95,pretend_kitchen_set.jpg,10
73,73,Robot Dog Companion,35.99,robot_dog.jpg,18
74,74,Colorful Wooden Puzzle,14.5,wooden_puzzle.jpg,25
75,75,Art and Craft Supplies Set,29.75,art_craft_supplies.jpg,15
76,76,Musical Drum Set for Kids,26.99,kids_drum_set.jpg,12
77,77,Wooden 3D Puzzle,18.25,wooden_3d_puzzle.jpg,20
78,78,Colorful Building Blocks,15.99,blocks_colorful.jpg,25
79,79,Remote Control Drone,69.99,drone_remote_control.jpg,8
80,80,Plush Elephant,18.5,plush_elephant.jpg,30
81,81,Dinosaur Puzzle,10.25,dinosaur_puzzle.jpg,40
82,82,Role Play Firefighter Set,26.75,firefighter_role_play.jpg,18
83,83,Inflatable Bounce House,129.99,bounce_house.jpg,5
84,84,Electronic Drum Set for Kids,42.5,kids_drum_set_electronic.jpg,12
85,85,Magnetic Poetry Kit,14.99,magnetic_poetry.jpg,30
86,86,Robot Soccer Player,29.95,robot_soccer_player.jpg,15
87,87,Interactive Talking Globe,54.99,talking_globe.jpg,10
88,88,Soft Baby Rattle Set,16.5,baby_rattle_set.jpg,25
89,89,Building and Construction Set,31.75,building_set.jpg,18
90,90,Adventure Playhouse Tent,38.95,playhouse_tent.jpg,12
91,91,Wooden Puzzle Cube,11.25,puzzle_cube.jpg,30
92,92,Doctor Role Play Kit,27.5,doctor_role_play_kit.jpg,15
93,93,Remote Control Submarine,33.99,submarine_rc.jpg,20
94,94,Stuffed Animal Organizer,19.99,stuffed_animal_organizer.jpg,25
95,95,Mini Soccer Goal Set,22.5,soccer_goal_set.jpg,18
96,96,Artistic Watercolor Set,18.99,watercolor_set.jpg,20
97,97,Robot Building Blocks,26.99,robot_building_blocks.jpg,15
98,98,Soft Plush Bunny,14.95,plush_bunny.jpg,30
99,99,Science Lab Kit for Kids,32.5,science_lab_kit.jpg,18
100,100,Construction Building Set,27.95,construction_building_set.jpg,22
101,101,Wooden Alphabet Puzzle,14.25,alphabet_puzzle.jpg,25
102,102,Wooden Railway Set,49.99,wooden_railway_set.jpg,12
103,103,Artistic Modeling Clay Set,14.75,modeling_clay_set.jpg,25
104,104,Musical Tambourine,9.5,tambourine.jpg,30
105,105,Plush Penguin,12.99,plush_penguin.jpg,40
106,106,Magnetic Drawing Board,19.25,magnetic_drawing_board.jpg,20
107,107,Play Kitchen Utensil Set,14.99,kitchen_utensil_set.jpg,25
108,108,Construction Truck Set,32.5,construction_truck_set.jpg,18
109,109,Wooden ABC Blocks,22.75,wooden_abc_blocks.jpg,12
110,110,Adventure Play Mat,24.5,adventure_play_mat.jpg,30
111,111,Plush Giraffe,16.5,plush_giraffe.jpg,25
112,112,Junior Artist Painting Set,18.99,junior_artist_painting_set.jpg,15
113,113,Mini Basketball Hoop,14.25,basketball_hoop.jpg,20
114,114,Role Play Construction Helmet,16.75,construction_helmet.jpg,18
115,115,Plush Tiger,14.5,plush_tiger.jpg,30
116,116,Art Easel with Chalkboard,36.5,art_easel_chalkboard.jpg,10
117,117,Wooden Stacking Blocks,17.99,wooden_stacking_blocks.jpg,25
118,118,Wooden Shape Sorting Toy,19.99,shape_sorting_toy.jpg,20
119,119,Playful Animal Finger Puppets,12.5,finger_puppets_animal.jpg,25
120,120,Remote Control Monster Truck,44.95,rc_monster_truck.jpg,15
121,121,Mini Chess and Checkers Set,9.99,chess_checkers_set_mini.jpg,30
122,122,Plush Koala,14.99,plush_koala.jpg,35
123,123,RC Racing Boat,45.99,rc_racing_boat.jpg,12
124,124,Animal Finger Puppets,8.75,animal_finger_puppets.jpg,40
125,125,Stuffed Bear,16.99,stuffed_bear.jpg,30
126,126,Space Explorer Play Tent,32.95,space_explorer_tent.jpg,18
127,127,Wooden Tea Set,19.99,wooden_tea_set.jpg,25
128,128,Tool Bench Playset,34.75,tool_bench_playset.jpg,20
129,129,Fire Truck Playset,28.99,fire_truck_playset.jpg,15
130,130,Princess Castle Playset,34.95,princess_castle_playset.jpg,18
131,131,Construction Site Playmat,19.99,construction_playmat.jpg,25
132,132,Toy Fire Truck,22.5,fire_truck_toy.jpg,18
133,133,Mermaid Princess Doll,16.75,mermaid_doll.jpg,25
134,134,Remote Control Racing Car,34.99,racing_car.jpg,20
135,135,Princess Dress-Up Set,18.5,princess_dress_up_set.jpg,25
136,136,Toy Tool Set,21.25,toy_tool_set.jpg,15
137,137,Musical Guitar for Kids,24.99,musical_guitar.jpg,18
138,138,Doll Stroller,16.95,doll_stroller.jpg,25
139,139,Remote Control Robot,49.99,remote_control_robot.jpg,12
140,140,Wooden Puzzle Set,14.5,wooden_puzzle_set.jpg,25
141,141,Superhero Costume Set,27.5,superhero_costume_set.jpg,18
142,142,Racing Car Track Set,42.99,racing_car_track_set.jpg,12
143,143,Construction Worker Role Play Set,26.75,construction_worker_role_play.jpg,18
144,144,Interactive Robot Toy,32.99,interactive_robot_toy.jpg,20
145,145,Unicorn Plush Pillow,19.5,unicorn_plush_pillow.jpg,25
146,146,Outdoor Adventure Kit,29.99,outdoor_adventure_kit.jpg,18
147,147,Dinosaur Building Blocks Set,22.5,dinosaur_building_blocks.jpg,30
148,148,Tea Party Pretend Play Set,24.95,tea_party_pretend_play_set.jpg,15
149,149,Superhero Cape and Mask Set,17.5,superhero_cape_mask_set.jpg,18
150,150,Kids Art Easel Set,36.5,kids_art_easel_set.jpg,18
151,151,Colorful Bead Jewelry Kit,14.99,bead_jewelry_kit.jpg,25
152,152,DIY Bracelet Kit,12.75,diy_bracelet_kit.jpg,25
153,153,Toy Train Set,42.5,toy_train_set.jpg,12
154,154,Kids Binoculars,18.5,kids_binoculars.jpg,30
155,155,Pretend Play Tool Set,19.99,pretend_tool_set.jpg,20
156,156,Fairy Tale Storybook Set,26.75,fairy_tale_storybook_set.jpg,18
157,157,Remote Control Airplane,54.99,rc_airplane.jpg,12
158,158,Enchanted Castle Playset,34.99,castle_playset.jpg,20
159,159,Robo-Adventure Explorer,49.95,robo_explorer.jpg,15
160,160,Mystical Puzzle Box,16.99,puzzle_box.jpg,25
161,161,Canvas Art Master Kit,28.75,art_master_kit.jpg,18
162,162,Rhythm Harmony Drum Set,32.99,harmony_drum_set.jpg,12
163,163,Space Explorer 3D Puzzle,21.5,space_explorer_puzzle.jpg,20
164,164,Color Splash Building Blocks,19.99,color_splash_blocks.jpg,25
165,165,High-Flyer Drone Commander,79.99,drone_commander.jpg,8
166,166,Plush Jungle Safari Friends,24.5,jungle_safari_plush.jpg,30
167,167,Dino Discovery Puzzle,12.99,dino_discovery_puzzle.jpg,40
168,168,Firefighter Rescue Kit,28.5,firefighter_rescue_kit.jpg,18
169,169,Air Bounce Adventure,139.99,air_bounce_adventure.jpg,5
170,170,Electric Beat Drum Kit,45.5,electric_beat_drum_kit.jpg,12
171,171,Magnetic Word Play Kit,17.99,magnetic_word_play.jpg,30
172,172,Soccer Star Robot,32.95,soccer_star_robot.jpg,15
173,173,Interactive Globe Voyager,59.99,interactive_globe_voyager.jpg,10
174,174,Gentle Rattle Harmony Set,18.25,rattle_harmony_set.jpg,25
175,175,Architectural Marvels Set,35.75,architectural_marvels_set.jpg,18
176,176,Imagination Station Tent,45.95,imagination_station_tent.jpg,12
177,177,Wooden Pattern Solver,14.5,wooden_pattern_solver.jpg,30
178,178,Medical Marvel Role Play,31.5,medical_marvel_role_play.jpg,15
179,179,Toy Haven Organizer,22.99,toy_haven_organizer.jpg,25
180,180,Watercolor Wonders Set,21.99,watercolor_wonders_set.jpg,20
181,181,Bot Builder Engineering Kit,34.99,bot_builder_engineering_kit.jpg,15
182,182,Sparkling Unicorn Palace,34.99,unicorn_palace.jpg,20
183,183,Robot Inventor Lab,49.95,robot_inventor_lab.jpg,15
184,184,Explorer's Discovery Chest,16.99,discovery_chest.jpg,25
185,185,Masterpiece Art Studio,28.75,art_studio.jpg,18
186,186,Rockstar Drummer Kit,32.99,rockstar_drum_kit.jpg,12
187,187,Space Odyssey Puzzle Set,21.5,space_odyssey_puzzle.jpg,20
188,188,Enchanted Plush Jungle Friends,24.5,plush_jungle_friends.jpg,30
189,189,Dino Adventure Discovery Puzzle,12.99,dino_adventure_puzzle.jpg,40
190,190,Firefighter Rescue Heroes,28.5,firefighter_rescue_heroes.jpg,18
191,191,Princess Lullaby Rattle Set,18.25,princess_lullaby_rattle_set.jpg,25
192,192,Cosmic Explorer Telescope Set,28.95,cosmic_explorer_telescope_set.jpg,18
193,193,Gentle Pony Carousel,16.5,pony_carousel.jpg,25
194,194,Robo-Builder Coding Kit,27.75,robo_builder_coding_kit.jpg,15
195,195,Majestic Castle Playhouse,49.99,majestic_castle_playhouse.jpg,10
196,196,Wooden Galaxy Puzzle,13.25,wooden_galaxy_puzzle.jpg,30
197,197,Police Force Hero Set,21.5,police_force_hero_set.jpg,18
198,198,Fantasy Airship Adventure,38.95,fantasy_airship_adventure.jpg,12
199,199,Dreamy Starlight Mobile,19.25,dreamy_starlight_mobile.jpg,30
200,200,RoboChef Cooking Playset,29.95,robochef_cooking_playset.jpg,15
201,201,Artistic Rainbow Sketch Pad,12.99,rainbow_sketch_pad.jpg,25
202,202,Space Pioneer Action Figures,26.99,space_pioneer_action_figures.jpg,20
203,203,Enchanted Fairy Garden,32.5,fairy_garden.jpg,15
204,204,Sailing Adventure Boat Set,29.75,sailing_adventure_boat_set.jpg,18
205,205,Music Maestro Symphony Set,36.99,music_maestro_symphony_set.jpg,12
206,206,Adventure Quest Treasure Map,19.99,treasure_map_adventure.jpg,30
207,207,Rocket Launch Commander,34.95,rocket_launch_commander.jpg,15
208,208,Dreamy Dollhouse Delight,45.5,dollhouse_delight.jpg,20
209,209,Wildlife Explorer Binoculars,14.99,wildlife_explorer_binoculars.jpg,25
210,210,Artistic Marvel Painting Kit,22.75,artistic_marvel_painting_kit.jpg,18
211,211,Dino Adventure Play Set,28.5,dino_adventure_play_set.jpg,15
212,212,Magic Rainbow Castle Puzzle,16.99,rainbow_castle_puzzle.jpg,30
213,213,Superstar Guitar Prodigy,29.99,guitar_prodigy.jpg,12
214,214,Underwater Explorer Submarine,42.5,underwater_explorer_submarine.jpg,20
215,215,Furry Friends Stuffed Safari,24.95,stuffed_safari.jpg,25
216,216,Space Explorer Telescope Set,38.75,space_explorer_telescope_set.jpg,18
217,217,Builder's Block Castle Kit,19.99,builders_block_castle.jpg,25
218,218,Robot Chef Cooking Playset,32.95,robot_chef_cooking_playset.jpg,15
219,219,Racing Pro Mini Car Set,26.5,racing_pro_mini_car_set.jpg,18
220,220,Enchanted Fairy Tale Book,18.25,fairy_tale_book.jpg,30
221,221,Junior Coding Whiz Kit,27.75,junior_coding_whiz_kit.jpg,20
222,222,Animal Safari Adventure Tent,45.95,animal_safari_tent.jpg,12
223,223,Musical Maestro Symphony Set,36.99,musical_maestro_symphony_set.jpg,15
224,224,Dino Discovery Excavation Kit,29.75,dino_discovery_excavation_kit.jpg,18
225,225,Adventurous Pirate Ship,49.99,pirate_ship_adventure.jpg,10
226,226,Princess Castle Playhouse,37.25,princess_castle_playhouse.jpg,25
227,227,Inventor's Workshop Lab,31.5,inventors_workshop_lab.jpg,15
228,228,Creativity Corner Art Studio,28.95,creativity_corner_art_studio.jpg,18
229,229,Soccer Champ Goal Set,26.99,soccer_champ_goal_set.jpg,20
230,230,Dragon Adventure Castle,32.5,dragon_adventure_castle.jpg,15
231,231,Cosmic Explorer Telescope,45.99,cosmic_explorer_telescope.jpg,10
232,232,Galactic Hero Action Figures,26.99,galactic_hero_action_figures.jpg,25
233,233,Fairy Garden Enchantment,32.5,fairy_garden_enchantment.jpg,18
234,234,Jungle Rhythm Drum Set,36.99,jungle_rhythm_drum_set.jpg,15
235,235,Woodland Explorer Nature Kit,23.75,woodland_explorer_nature_kit.jpg,20
236,236,Robot Builder Coding Kit,27.75,robot_builder_coding_kit.jpg,18
237,237,Majestic Mermaid Castle,49.99,majestic_mermaid_castle.jpg,15
238,238,Wooden Puzzle Delight,18.25,wooden_puzzle_delight.jpg,30
239,239,Solar System Adventure Set,34.99,solar_system_adventure_set.jpg,18
240,240,Fairy Tale Fantasy Puzzle,21.99,fairy_tale_fantasy_puzzle.jpg,12
241,241,Castle Kingdom Building Blocks,22.99,castle_kingdom_building_blocks.jpg,30
242,242,Wonderland Tea Party Set,18.99,wonderland_tea_party_set.jpg,15
243,243,Retro Arcade Gaming Console,45.99,retro_arcade_gaming_console.jpg,10
244,244,Enchanted Castle Puzzle,13.25,enchanted_castle_puzzle.jpg,20
245,245,Colorful ABC Learning Blocks,19.99,colorful_abc_learning_blocks.jpg,25
246,246,Space Adventure Rocket Set,32.95,space_adventure_rocket_set.jpg,18
247,247,Jungle Safari Animal Figures,21.5,jungle_safari_animal_figures.jpg,15
248,248,Builder's Workshop Construction Set,35.75,builders_workshop_construction_set.jpg,20
249,249,Magic Garden Tea Party Set,29.99,magic_garden_tea_party_set.jpg,15
250,250,Explorer's Treasure Hunt Kit,19.99,treasure_hunt_kit.jpg,30
251,251,Space Odyssey Rocket Launcher,34.95,rocket_launcher.jpg,15
252,252,Fantasy Dream Dollhouse,45.5,dream_dollhouse.jpg,20
253,253,Wildlife Explorer Adventure Set,14.99,wildlife_adventure_set.jpg,25
254,254,Artistic Marvel Painting Studio,22.75,marvel_painting_studio.jpg,18
255,255,Dino Expedition Play Set,28.5,dino_expedition_play_set.jpg,15
256,256,Furry Friends Plush Safari,24.95,plush_safari.jpg,25
257,257,Space Explorer Telescope Adventure Set,38.75,space_explorer_telescope.jpg,18
258,258,Builder's Block Castle Construction Kit,19.99,block_castle_construction.jpg,25
259,259,Robot Chef Cooking Extravaganza,32.95,robot_chef_extravaganza.jpg,15
260,260,Racing Pro Mini Car Adventure,26.5,racing_pro_mini_car.jpg,18
261,261,Enchanted Fairy Tale Interactive Book,18.25,fairy_tale_interactive_book.jpg,30
262,262,Junior Coding Whiz Exploration Kit,27.75,junior_coding_exploration_kit.jpg,20
263,263,Musical Maestro Symphony Ensemble,36.99,musical_maestro_symphony_ensemble.jpg,15
264,264,Dino Discovery Excavation Adventure,29.75,dino_discovery_excavation_adventure.jpg,18
265,265,Princess Castle Kingdom Playhouse,37.25,princess_castle_kingdom_playhouse.jpg,25
266,266,Inventor's Workshop Creative Lab,31.5,inventors_workshop_creative_lab.jpg,15
267,267,Creativity Corner Artistic Studio,28.95,creativity_corner_artistic_studio.jpg,18
268,268,Soccer Champ Goal Scorer Set,26.99,soccer_champ_goal_scorer_set.jpg,20
269,269,Dragon Adventure Castle Quest,32.5,dragon_adventure_castle_quest.jpg,15
270,270,Cosmic Explorer Telescope Discovery,45.99,cosmic_explorer_telescope_discovery.jpg,10
271,271,Galactic Hero Space Explorer Figures,26.99,galactic_hero_space_explorer_figures.jpg,25
272,272,Fairy Tale Fantasy Puzzle Quest,21.99,fairy_tale_fantasy_puzzle_quest.jpg,12
273,273,Aqua Explorer Submarine Expedition,39.99,aqua_explorer_submarine_expedition.jpg,25
274,274,Castle Kingdom Building Block Construction,22.99,castle_kingdom_building_block_construction.jpg,30
275,275,Soccer Pro Mini Goal Scorer Set,26.5,soccer_pro_mini_goal_scorer_set.jpg,18
276,276,Wonderland Tea Party Extravaganza,18.99,wonderland_tea_party_extravaganza.jpg,15
277,277,Retro Arcade Gaming Console Revival,45.99,retro_arcade_gaming_console_revival.jpg,10
278,278,Enchanted Castle Puzzle Delight,13.25,enchanted_castle_puzzle_delight.jpg,20
279,279,Firefighter Rescue Heroes Adventure,28.5,firefighter_rescue_heroes_adventure.jpg,18
280,280,Fantasy Airship Adventure Soar,38.95,fantasy_airship_adventure_soar.jpg,12
281,281,Colorful ABC Learning Block Delight,19.99,colorful_abc_learning_block_delight.jpg,25
282,282,Electric Beat Drum Rhythm Kit,45.5,electric_beat_drum_rhythm_kit.jpg,30
283,283,Space Adventure Rocket Launch Set,32.95,space_adventure_rocket_launch_set.jpg,18
284,284,Jungle Safari Animal Discovery Figures,21.5,jungle_safari_animal_discovery_figures.jpg,15
285,285,Builder's Workshop Creative Construction Set,35.75,builders_workshop_creative_construction_set.jpg,20
286,286,Magic Garden Tea Party Extravaganza,29.99,magic_garden_tea_party_extravaganza.jpg,15
287,287,Mystic Dragon Adventure Set,29.99,mystic_dragon_adventure_set.jpg,15
288,288,Dreamy Rainbow Playhouse,39.95,dreamy_rainbow_playhouse.jpg,20
289,289,Astronaut Explorer Space Helmet,19.99,astronaut_explorer_space_helmet.jpg,25
290,290,Pirate Cove Adventure Ship,45.5,pirate_cove_adventure_ship.jpg,18
291,291,Enchanted Garden Puzzle Realm,24.75,enchanted_garden_puzzle_realm.jpg,30
292,292,Mini Soccer Star Goal Set,26.99,mini_soccer_star_goal_set.jpg,12
293,293,Mermaid Lagoon Water Adventure,32.5,mermaid_lagoon_water_adventure.jpg,15
294,294,RoboTech Engineer Building Blocks,22.99,robotech_engineer_building_blocks.jpg,25
295,295,Dinosaur Explorer Digging Kit,34.95,dinosaur_explorer_digging_kit.jpg,18
296,296,Princess Royal Carriage Ride,37.25,princess_royal_carriage_ride.jpg,25
297,297,Junior Inventor Robotics Lab,31.5,junior_inventor_robotics_lab.jpg,15
298,298,Space Command Shuttle Expedition,45.99,space_command_shuttle_expedition.jpg,10
299,299,Animal Safari Jeep Adventure,26.99,animal_safari_jeep_adventure.jpg,20
300,300,Fairy Tale Kingdom Castle,37.99,fairy_tale_kingdom_castle.jpg,15
301,301,Music Maestro Keyboard Harmony,28.95,music_maestro_keyboard_harmony.jpg,18
302,302,Retro Arcade Gaming Challenge,42.5,retro_arcade_gaming_challenge.jpg,30
303,303,Artistic Wonders Sketch Studio,22.75,artistic_wonders_sketch_studio.jpg,20
304,304,Sports Superstar Basketball Hoop,36.99,sports_superstar_basketball_hoop.jpg,15
305,305,Wildlife Safari Binocular Discovery,38.75,wildlife_safari_binocular_discovery.jpg,18
306,306,Fantasy Unicorn Stable Playset,45.95,fantasy_unicorn_stable_playset.jpg,12
307,307,DIY Science Lab Chemistry Kit,27.75,diy_science_lab_chemistry_kit.jpg,20
308,308,Racing Pro Turbo Car Challenge,26.5,racing_pro_turbo_car_challenge.jpg,18
309,309,Castle Fantasy Building Blocks,22.99,castle_fantasy_building_blocks.jpg,25
310,310,Pop Star Stage Performance,28.99,pop_star_stage_performance.jpg,15
311,311,Space Explorer Telescope Discovery,42.99,space_explorer_telescope_discovery.jpg,10
312,312,Pixel Power Digital Art Studio,32.95,pixel_power_digital_art_studio.jpg,18
313,313,Mythical Creatures Puzzle Quest,19.75,mythical_creatures_puzzle_quest.jpg,30
314,314,Outdoor Explorer Adventure Kit,24.99,outdoor_explorer_adventure_kit.jpg,20
315,315,Robot Squad Coding Adventure,35.99,robot_squad_coding_adventure.jpg,15
316,316,Superhero Training Headquarters,42.5,superhero_training_headquarters.jpg,25
317,317,Enchanted Forest Fairy Dolls,29.75,enchanted_forest_fairy_dolls.jpg,18
318,318,Construction Crew Bulldozer Builder,26.5,construction_crew_bulldozer_builder.jpg,30
319,319,Smart Explorer Interactive Globe,38.75,smart_explorer_interactive_globe.jpg,15
320,320,Princess Tea Party Castle,33.95,princess_tea_party_castle.jpg,20
321,321,Ultimate Raceway Car Track Set,48.5,ultimate_raceway_car_track_set.jpg,18
322,322,Magic Science Potion Kit,23.99,magic_science_potion_kit.jpg,25
323,323,Farmyard Friends Animal Barn,31.25,farmyard_friends_animal_barn.jpg,18
324,324,Robotics Engineer DIY Kit,36.99,robotics_engineer_diy_kit.jpg,25
325,325,Safari Adventure Play Tent,29.99,safari_adventure_play_tent.jpg,15
326,326,Penguin Pals Igloo Building Set,25.5,penguin_pals_igloo_building_set.jpg,30
327,327,Rocket Launch Astronaut Set,34.75,rocket_launch_astronaut_set.jpg,25
328,328,Puppy Love Plush Adoption Center,28.5,puppy_love_plush_adoption_center.jpg,20
329,329,Creative Art Easel Studio,39.99,creative_art_easel_studio.jpg,25
330,330,Super Spy Detective Kit,22.99,super_spy_detective_kit.jpg,15
331,331,Retro Gamer Console Vault,42.95,retro_gamer_console_vault.jpg,20
332,332,Enchanted Treehouse Adventure,31.75,enchanted_treehouse_adventure.jpg,25
333,333,Musical Symphony Orchestra Set,45.5,musical_symphony_orchestra_set.jpg,18
334,334,Robot Buddy Interactive Companion,26.99,robot_buddy_interactive_companion.jpg,15
335,335,Jungle Safari Animal Exploration,29.95,jungle_safari_animal_exploration.jpg,20
336,336,Majestic Jungle Explorer Kit,29.99,majestic_jungle_explorer_kit.jpg,15
337,337,Penguin Parade Igloo Playset,19.99,penguin_parade_igloo_playset.jpg,25
338,338,Funky Beat Dance Mat,45.5,funky_beat_dance_mat.jpg,18
339,339,Dino Dig Adventure Excavator,24.75,dino_dig_adventure_excavator.jpg,30
340,340,Fairytale Princess Dress-Up Trunk,32.5,fairytale_princess_dress_up_trunk.jpg,15
341,341,Super Soccer Showdown Goal Set,22.99,super_soccer_showdown_goal_set.jpg,25
342,342,Robot Rangers Building Lab,34.95,robot_rangers_building_lab.jpg,18
343,343,Enchanted Unicorn Garden,37.25,enchanted_unicorn_garden.jpg,25
344,344,Junior Chef Cooking Academy,31.5,junior_chef_cooking_academy.jpg,15
345,345,Underwater Adventure Submarine,45.99,underwater_adventure_submarine.jpg,10
346,346,Construction Crew Crane Builder,26.99,construction_crew_crane_builder.jpg,20
347,347,Fantasy Wizard Spellbook Kit,37.99,fantasy_wizard_spellbook_kit.jpg,15
348,348,Retro Arcade Racing Challenge,28.95,retro_arcade_racing_challenge.jpg,18
349,349,Adventure Quest Map Compass,18.25,adventure_quest_map_compass.jpg,30
350,350,Artistic Masterpiece Studio,22.75,artistic_masterpiece_studio.jpg,20
351,351,Sports Pro Basketball Hoop,36.99,sports_pro_basketball_hoop.jpg,15
352,352,Wildlife Safari Explorer Kit,38.75,wildlife_safari_explorer_kit.jpg,18
353,353,Dragon's Lair Castle Playset,45.95,dragons_lair_castle_playset.jpg,12
354,354,DIY Science Lab Physics Kit,27.75,diy_science_lab_physics_kit.jpg,20
355,355,Racing Turbo Car Speedway,26.5,racing_turbo_car_speedway.jpg,18
356,356,Fairytale Castle Building Blocks,22.99,fairytale_castle_building_blocks.jpg,25
357,357,Pop Star Concert Stage,28.99,pop_star_concert_stage.jpg,15
358,358,Space Explorer Telescope Kit,42.99,space_explorer_telescope_kit.jpg,10
359,359,Firefighter Rescue Truck Adventure,28.5,firefighter_rescue_truck_adventure.jpg,25
360,360,Pixel Art Creative Studio,32.95,pixel_art_creative_studio.jpg,18
361,361,Mythical Creatures Puzzle Safari,19.75,mythical_creatures_puzzle_safari.jpg,30
362,362,Outdoor Discovery Adventure Kit,24.99,outdoor_discovery_adventure_kit.jpg,20
363,363,Robot Coding Squad Adventure,35.99,robot_coding_squad_adventure.jpg,15
364,364,Superhero Headquarters Training Grounds,42.5,superhero_headquarters_training_grounds.jpg,25
365,365,Enchanted Forest Friends Dolls,29.75,enchanted_forest_friends_dolls.jpg,18
366,366,Construction Crew Excavator Builder,26.5,construction_crew_excavator_builder.jpg,30
367,367,Smart Explorer Globe Explorer,38.75,smart_explorer_globe_explorer.jpg,15
368,368,Princess Tea Time Castle,33.95,princess_tea_time_castle.jpg,20
369,369,Ultimate Racecar Track Set,48.5,ultimate_racecar_track_set.jpg,18
370,370,Magic Chemistry Potion Kit,23.99,magic_chemistry_potion_kit.jpg,25
371,371,Farmyard Animal Friends Barn,31.25,farmyard_animal_friends_barn.jpg,18
372,372,Robotics Engineer Workshop,36.99,robotics_engineer_workshop.jpg,25
373,373,Safari Adventure Playhouse,29.99,safari_adventure_playhouse.jpg,15
374,374,Penguin Paradise Igloo Set,25.5,penguin_paradise_igloo_set.jpg,30
375,375,Interactive Learning Tablet Deluxe,19.95,interactive_learning_tablet_deluxe.jpg,18
376,376,Astronaut Launch Expedition,34.75,astronaut_launch_expedition.jpg,25
377,377,Puppy Paradise Plush Adoption Center,28.5,puppy_paradise_plush_adoption_center.jpg,20
378,378,Creative Canvas Art Easel,39.99,creative_canvas_art_easel.jpg,25
379,379,Super Spy Secret Agent Kit,22.99,super_spy_secret_agent_kit.jpg,15
380,380,Undersea Explorer Submarine Adventure,37.5,undersea_explorer_submarine_adventure.jpg,18
381,381,Colorful Alphabet Learning Blocks,18.25,colorful_alphabet_learning_blocks.jpg,30
382,382,Retro Gamer Console Vault Deluxe,42.95,retro_gamer_console_vault_deluxe.jpg,20
383,383,Enchanted Treehouse Quest,31.75,enchanted_treehouse_quest.jpg,25
384,384,Musical Symphony Orchestra Conductor,45.5,musical_symphony_orchestra_conductor.jpg,18
385,385,Robot Companion Interactive Buddy,26.99,robot_companion_interactive_buddy.jpg,15
386,386,Jungle Safari Animal Safari Adventure,29.95,jungle_safari_animal_safari_adventure.jpg,20
387,387,Fantasy Castle Building Set,24.75,fantasy_castle_building_set.jpg,30
388,388,RoboTech Mech Warrior Robot,36.5,robotech_mech_warrior_robot.jpg,15
389,389,Sparkling Galaxy Adventure Kit,29.99,sparkling_galaxy_adventure_kit.jpg,15
390,390,Time Traveler Chrono Cruiser,39.95,time_traveler_chrono_cruiser.jpg,20
391,391,Arctic Explorer Ice Fortress,19.99,arctic_explorer_ice_fortress.jpg,25
392,392,Funky Groove Dance Revolution,45.5,funky_groove_dance_revolution.jpg,18
393,393,Dino Excavation Adventure Truck,24.75,dino_excavation_adventure_truck.jpg,30
394,394,Enchanting Princess Wardrobe,32.5,enchanting_princess_wardrobe.jpg,15
395,395,Soccer Pro Goal Scorer Set,22.99,soccer_pro_goal_scorer_set.jpg,25
396,396,Robo Innovator Engineering Lab,34.95,robo_innovator_engineering_lab.jpg,18
397,397,Mystical Unicorn Fantasy Garden,37.25,mystical_unicorn_fantasy_garden.jpg,25
398,398,Young Chef Culinary School,31.5,young_chef_culinary_school.jpg,15
399,399,Deep Sea Explorer Submarine,45.99,deep_sea_explorer_submarine.jpg,10
400,400,Construction Crew Tower Crane,26.99,construction_crew_tower_crane.jpg,20
401,401,Fantasy Enchantress Spell Kit,37.99,fantasy_enchantress_spell_kit.jpg,15
402,402,Retro Racing Arcade Showdown,28.95,retro_racing_arcade_showdown.jpg,18
403,403,Adventure Seeker Map Compass,18.25,adventure_seeker_map_compass.jpg,30
404,404,Canvas Artistic Expression Studio,22.75,canvas_artistic_expression_studio.jpg,20
405,405,Pro Basketball Dunker Hoop,36.99,pro_basketball_dunker_hoop.jpg,15
406,406,Wildlife Explorer Safari Kit,38.75,wildlife_explorer_safari_kit.jpg,18
407,407,Dragon Slayer Castle Adventure,45.95,dragon_slayer_castle_adventure.jpg,12
408,408,DIY Science Lab Quantum Physics,27.75,diy_science_lab_quantum_physics.jpg,20
409,409,Turbo Racing Car Speedway,26.5,turbo_racing_car_speedway.jpg,18
410,410,Fairytale Kingdom Building Blocks,22.99,fairytale_kingdom_building_blocks.jpg,25
411,411,Pop Star Concert Grand Stage,28.99,pop_star_concert_grand_stage.jpg,15
412,412,Firefighter Rescue Truck Heroes,28.5,firefighter_rescue_truck_heroes.jpg,25
413,413,Pixel Art Master Creative Studio,32.95,pixel_art_master_creative_studio.jpg,18
414,414,Outdoor Discovery Adventure Expedition,24.99,outdoor_discovery_adventure_expedition.jpg,20
415,415,Robot Coding Squad Adventure Quest,35.99,robot_coding_squad_adventure_quest.jpg,15
416,416,Superhero Headquarters Training Grounds Deluxe,42.5,superhero_headquarters_training_grounds_deluxe.jpg,25
417,417,Enchanted Forest Friends Dollhouse,29.75,enchanted_forest_friends_dollhouse.jpg,18
418,418,Construction Crew Tower Crane Builder Deluxe,26.5,construction_crew_tower_crane_builder_deluxe.jpg,30
419,419,Smart Explorer Globe Explorer Plus,38.75,smart_explorer_globe_explorer_plus.jpg,15
420,420,Princess Tea Time Castle Deluxe,33.95,princess_tea_time_castle_deluxe.jpg,20
421,421,Ultimate Racecar Track Set Extreme,48.5,ultimate_racecar_track_set_extreme.jpg,18
422,422,Magic Chemistry Potion Kit Supreme,23.99,magic_chemistry_potion_kit_supreme.jpg,25
423,423,Farmyard Animal Friends Barn Deluxe,31.25,farmyard_animal_friends_barn_deluxe.jpg,18
424,424,Robotics Engineer Workshop Pro,36.99,robotics_engineer_workshop_pro.jpg,25
425,425,Penguin Paradise Igloo Set Deluxe,25.5,penguin_paradise_igloo_set_deluxe.jpg,30
426,426,Interactive Learning Tablet Deluxe Pro,19.95,interactive_learning_tablet_deluxe_pro.jpg,18
427,427,Astronaut Launch Expedition Ultimate,34.75,astronaut_launch_expedition_ultimate.jpg,25
428,428,Puppy Paradise Plush Adoption Center Deluxe,28.5,puppy_paradise_plush_adoption_center_deluxe.jpg,20
429,429,Creative Canvas Art Easel Pro,39.99,creative_canvas_art_easel_pro.jpg,25
430,430,Super Spy Secret Agent Kit Master,22.99,super_spy_secret_agent_kit_master.jpg,15
431,431,Undersea Explorer Submarine Adventure Supreme,37.5,undersea_explorer_submarine_adventure_supreme.jpg,18
432,432,Colorful Alphabet Learning Blocks Ultimate,18.25,colorful_alphabet_learning_blocks_ultimate.jpg,30
433,433,Retro Gamer Console Vault Deluxe Pro,42.95,retro_gamer_console_vault_deluxe_pro.jpg,20
434,434,Enchanted Treehouse Quest Supreme,31.75,enchanted_treehouse_quest_supreme.jpg,25
435,435,Musical Symphony Orchestra Conductor Pro,45.5,musical_symphony_orchestra_conductor_pro.jpg,18
436,436,Robot Companion Interactive Buddy Master,26.99,robot_companion_interactive_buddy_master.jpg,15
437,437,RoboCraft Engineering Set,29.99,robo_craft_engineering_set.jpg,15
438,438,Starship Galaxy Explorer,39.95,starship_galaxy_explorer.jpg,20
439,439,Arctic Adventure Base Camp,19.99,arctic_adventure_base_camp.jpg,25
440,440,Electric Groove Dance Mat,45.5,electric_groove_dance_mat.jpg,18
441,441,Dino Explorer Dig Kit,24.75,dino_explorer_dig_kit.jpg,30
442,442,Enchanted Princess Castle,32.5,enchanted_princess_castle.jpg,15
443,443,Super Striker Soccer Set,22.99,super_striker_soccer_set.jpg,25
444,444,Inventor's Robotics Lab,34.95,inventors_robotics_lab.jpg,18
445,445,Majestic Unicorn Palace,37.25,majestic_unicorn_palace.jpg,25
446,446,Little Chef Cooking Playset,31.5,little_chef_cooking_playset.jpg,15
447,447,Deep Space Explorer Rocket,45.99,deep_space_explorer_rocket.jpg,10
448,448,Builder's Construction Zone,26.99,builders_construction_zone.jpg,20
449,449,Magical Sorcerer's Kit,37.99,magical_sorcerers_kit.jpg,15
450,450,Retro Gaming Arcade Console,28.95,retro_gaming_arcade_console.jpg,18
451,451,Explorer's Adventure Compass,18.25,explorers_adventure_compass.jpg,30
452,452,Artistic Mastermind Studio,22.75,artistic_mastermind_studio.jpg,20
453,453,Goal Scorer Basketball Hoop,36.99,goal_scorer_basketball_hoop.jpg,15
454,454,Wildlife Safari Explorer Set,38.75,wildlife_safari_explorer_set.jpg,18
455,455,Racing Turbo Car Track,26.5,racing_turbo_car_track.jpg,18
456,456,Fantasy Castle Building Bricks,22.99,fantasy_castle_building_bricks.jpg,25
457,457,Pop Star Concert Mega Stage,28.99,pop_star_concert_mega_stage.jpg,15
458,458,Space Explorer Telescope Kit Supreme,42.99,space_explorer_telescope_kit_supreme.jpg,10
459,459,Firefighter Rescue Heroes Truck,28.5,firefighter_rescue_heroes_truck.jpg,25
460,460,Pixel Art Creator Studio,32.95,pixel_art_creator_studio.jpg,18
461,461,Mythical Creatures Puzzle Expedition,19.75,mythical_creatures_puzzle_expedition.jpg,30
462,462,Outdoor Discovery Adventure Quest,24.99,outdoor_discovery_adventure_quest.jpg,20
463,463,Robot Coding Squad Mission,35.99,robot_coding_squad_mission.jpg,15
464,464,Superhero Training Grounds,42.5,superhero_training_grounds.jpg,25
465,465,Construction Crew Tower Builder,26.5,construction_crew_tower_builder.jpg,30
466,466,Smart Explorer Globe Adventure,38.75,smart_explorer_globe_adventure.jpg,15
467,467,Ultimate Racecar Speedway,48.5,ultimate_racecar_speedway.jpg,18
468,468,Magic Alchemy Potion Kit,23.99,magic_alchemy_potion_kit.jpg,25
469,469,Farmyard Animal Play Barn,31.25,farmyard_animal_play_barn.jpg,18
470,470,Robotics Engineer Lab,36.99,robotics_engineer_lab.jpg,25
471,471,Safari Expedition Playhouse,29.99,safari_expedition_playhouse.jpg,15
472,472,Penguin Paradise Igloo,25.5,penguin_paradise_igloo.jpg,30
473,473,Interactive Learning Tablet Pro,19.95,interactive_learning_tablet_pro.jpg,18
474,474,Astronaut Launch Mission,34.75,astronaut_launch_mission.jpg,25
475,475,Puppy Paradise Plush Play Center,28.5,puppy_paradise_plush_play_center.jpg,20
476,476,Creative Canvas Art Studio,39.99,creative_canvas_art_studio.jpg,25
477,477,Super Spy Secret Agent Master Kit,22.99,super_spy_secret_agent_master_kit.jpg,15
478,478,Undersea Explorer Submarine Supreme,37.5,undersea_explorer_submarine_supreme.jpg,18
479,479,Colorful Alphabet Learning Blocks Pro,18.25,colorful_alphabet_learning_blocks_pro.jpg,30
480,480,Retro Gamer Console Vault Pro,42.95,retro_gamer_console_vault_pro.jpg,20
481,481,Enchanted Treehouse Adventures,31.75,enchanted_treehouse_adventures.jpg,25
482,482,Musical Symphony Orchestra Maestro,45.5,musical_symphony_orchestra_maestro.jpg,18
483,483,Adventure Seeker Explorer Kit,28.99,adventure_seeker_explorer_kit.jpg,20
484,484,Magical Potion Making Lab,26.5,magical_potion_making_lab.jpg,25
485,485,Superhero Adventure Training Set,39.99,superhero_adventure_training_set.jpg,18
486,486,Dinosaur Discovery Expedition,22.75,dinosaur_discovery_expedition.jpg,30
487,487,Fantasy Kingdom Building Blocks,32.5,fantasy_kingdom_building_blocks.jpg,15
488,488,Music Maestro Keyboard Symphony,36.99,music_maestro_keyboard_symphony.jpg,25
489,489,Wild West Cowboy Adventure Set,31.5,wild_west_cowboy_adventure_set.jpg,20
490,490,Robotic Coding Challenge Lab,45.5,robotic_coding_challenge_lab.jpg,18
491,491,Enchanted Unicorn Meadow,27.75,enchanted_unicorn_meadow.jpg,30
492,492,Soccer Star Pro Training Kit,22.99,soccer_star_pro_training_kit.jpg,15
493,493,Robot Explorer Space Rover,34.95,robot_explorer_space_rover.jpg,18
494,494,Artistic Masterpiece Easel Set,28.99,artistic_masterpiece_easel_set.jpg,25
495,495,Farmyard Friends Plush Collection,19.75,farmyard_friends_plush_collection.jpg,30
496,496,Smart Science Explorer Kit,42.99,smart_science_explorer_kit.jpg,20
497,497,Princess Palace Tea Party Set,28.5,princess_palace_tea_party_set.jpg,25
498,498,Racing Champion Turbo Track,37.25,racing_champion_turbo_track.jpg,18
499,499,Pirate Adventure Treasure Map,48.5,pirate_adventure_treasure_map.jpg,18
500,500,Creative Canvas Painting Studio,23.99,creative_canvas_painting_studio.jpg,25
501,501,Jungle Safari Animal Kingdom,26.5,jungle_safari_animal_kingdom.jpg,30
502,502,Interactive Learning Tablet Pro Plus,38.75,interactive_learning_tablet_pro_plus.jpg,15
503,503,Astronaut Explorer Space Station,33.95,astronaut_explorer_space_station.jpg,20
504,504,Puppy Playtime Plush Haven,20.5,puppy_playtime_plush_haven.jpg,25
505,505,DIY Creative Crafty Corner,35.99,diy_creative_crafty_corner.jpg,25
506,506,Spy Master Secret Agent Kit,22.99,spy_master_secret_agent_kit.jpg,15
507,507,Undersea Adventure Submarine,39.99,undersea_adventure_submarine.jpg,18
508,508,Alphabet Exploration Letter Blocks,25.5,alphabet_exploration_letter_blocks.jpg,30
509,509,Retro Arcade Gamer Vault,42.5,retro_arcade_gamer_vault.jpg,20
510,510,Magic Rainbow Adventure Kit,29.99,magic_rainbow_adventure_kit.jpg,20
511,511,Space Explorer Discovery Telescope,35.95,space_explorer_discovery_telescope.jpg,15
512,512,Enchanted Garden Fairy Lab,27.5,enchanted_garden_fairy_lab.jpg,25
513,513,Dino Excavation Expedition,22.75,dino_excavation_expedition.jpg,30
514,514,Fantasy Castle Building Blocks,32.5,fantasy_castle_building_blocks.jpg,15
515,515,Harmony Melody Music Keyboard,36.99,harmony_melody_music_keyboard.jpg,25
516,516,Wild West Adventure Cowboy Set,31.5,wild_west_adventure_cowboy_set.jpg,20
517,517,Robotic Coding Quest Lab,45.5,robotic_coding_quest_lab.jpg,18
518,518,Soccer Pro Training Masterclass,22.99,soccer_pro_training_masterclass.jpg,15
519,519,Robot Explorer Space Adventure,34.95,robot_explorer_space_adventure.jpg,18
520,520,Artistic Masterpiece Easel Studio,28.99,artistic_masterpiece_easel_studio.jpg,25
521,521,Farmyard Friends Plush Wonderland,19.75,farmyard_friends_plush_wonderland.jpg,30
522,522,Smart Science Discovery Lab,42.99,smart_science_discovery_lab.jpg,20
523,523,Princess Palace Tea Fantasy Set,28.5,princess_palace_tea_fantasy_set.jpg,25
524,524,Racing Champion Turbo Speedway,37.25,racing_champion_turbo_speedway.jpg,18
525,525,Robotics Engineer Innovation Lab,33.95,robotics_engineer_innovation_lab.jpg,20
526,526,Pet Vet Animal Rescue Clinic,26.5,pet_vet_animal_rescue_clinic.jpg,15
527,527,Fairy Tale Storybook Adventures,22.99,fairy_tale_storybook_adventures.jpg,30
528,528,Dinosaur Safari Jeep Expedition,29.75,dinosaur_safari_jeep_expedition.jpg,25
529,529,Robot Racing Championship Set,39.99,robot_racing_championship_set.jpg,18
530,530,Frozen Ice Princess Castle,32.95,frozen_ice_princess_castle.jpg,20
531,531,Soccer Skills Kick Training Set,24.99,soccer_skills_kick_training_set.jpg,15
532,532,Space Odyssey Rocket Explorer,45.5,space_odyssey_rocket_explorer.jpg,18
533,533,Artistic Crafty Creations Kit,26.75,artistic_crafty_creations_kit.jpg,25
534,534,Rainbow Adventure Building Blocks,28.99,rainbow_blocks.jpg,20
535,535,Plush Jungle Explorer Kit,15.95,jungle_explorer_kit.jpg,30
536,536,Space Explorer Action Figures,32.99,space_explorer_figures.jpg,25
537,537,Smart Learning Tablet 2.0,42.95,learning_tablet_2.jpg,15
538,538,Robot Inventor Workshop,27.99,robot_inventor_workshop.jpg,25
539,539,Melodic Musical Symphony,29.5,musical_symphony.jpg,22
540,540,RC Turbo Racer Car,34.99,rc_turbo_car.jpg,12
541,541,Gentle Baby Rattle Trio,11.95,baby_rattle_trio.jpg,50
542,542,Imaginative Sculpting Set,22.75,sculpting_kit.jpg,28
543,543,Outdoor Adventure Sports Set,26.75,outdoor_sports_set.jpg,15
544,544,Kitchen Chef Cooking Set,49.5,chef_cooking_set.jpg,10
545,545,Hands-On Science Lab,37.75,science_lab.jpg,20
546,546,Strategic Chess Challenge,19.99,chess_challenge.jpg,18
547,547,RC Sky Explorer Helicopter,44.5,sky_explorer_helicopter.jpg,15
548,548,Bouncing Adventure Ball,13.75,adventure_bouncing_ball.jpg,40
549,549,Medical Professional Kit,18.99,medical_professional_kit.jpg,25
550,550,Wooden Railway Adventure,35.5,wooden_railway_adventure.jpg,15
551,551,Flexible Play Tunnel Galaxy,23.99,play_tunnel_galaxy.jpg,20
552,552,Vibrant Paper Craft Set,9.99,paper_craft_set.jpg,35
553,553,Wooden Puzzle Challenge,14.99,puzzle_challenge.jpg,30
554,554,Nature Explorer Discovery Kit,28.95,nature_discovery_kit.jpg,15
555,555,Plush Animal Puppet Theater,19.25,animal_puppet_theater.jpg,20
556,556,Soccer Challenge Goal Set,26.5,soccer_challenge_goal_set.jpg,18
557,557,Musical Piano Magic,36.99,musical_piano_magic.jpg,12
558,558,Adventure Galaxy Explorer Set,29.99,galaxy_explorer_set.jpg,20
559,559,Smart Little Architect Kit,34.99,little_architect_kit.jpg,25
560,560,Interactive Pet Vet Clinic,39.95,pet_vet_clinic.jpg,15
561,561,Dynamic Dance Party Mat,22.75,dance_party_mat.jpg,40
562,562,Mini Chef Cooking Playset,26.95,minichef_cooking_playset.jpg,18
563,563,Robot Coding Challenge,49.99,robot_coding_challenge.jpg,12
564,564,Creative Clay Sculpture Kit,18.49,clay_sculpture_kit.jpg,35
565,565,RC Off-Road Adventure Truck,34.5,offroad_adventure_truck.jpg,15
566,566,Miniature Garden Adventure,27.5,miniature_garden_adventure.jpg,15
567,567,Outdoor Explorer Camping Kit,31.99,outdoor_camping_kit.jpg,20
568,568,Artistic Painting Easel,39.95,artistic_painting_easel.jpg,12
569,569,Storybook Adventure Theater,22.99,storybook_adventure_theater.jpg,30
570,570,Magnetic Building Marvels,27.99,magnetic_building_marvels.jpg,20
571,571,Superhero Costume Extravaganza,32.75,superhero_costume_extravaganza.jpg,18
572,572,Medical Professional Play Kit,18.99,medical_professional_play_kit.jpg,25
573,573,Wooden Railway Expedition,35.5,wooden_railway_expedition.jpg,15
574,574,Animal Friends Shape Cube,14.25,animal_friends_shape_cube.jpg,30
575,575,Flexible Play Tunnel Safari,23.99,flexible_play_tunnel_safari.jpg,20
576,576,Colorful Paper Craft Kit,9.99,colorful_paper_craft_kit.jpg,35
577,577,Wizard's Magic Wand Set,15.75,wizards_magic_wand_set.jpg,25
578,578,Miniature Furniture Wonderland,12.99,miniature_furniture_wonderland.jpg,40
579,579,Space Odyssey Rocket Ship,42.5,space_odyssey_rocket_ship.jpg,10
580,580,Dynamic Rainbow Puzzle,18.99,rainbow_puzzle.jpg,25
581,581,Magical Adventure Castle,34.5,adventure_castle.jpg,15
582,582,Safari Explorer Binoculars,15.75,safari_binoculars.jpg,30
583,583,RoboCrafter Coding Kit,42.99,robocrafter_coding_kit.jpg,20
584,584,Enchanted Garden Tea Party,29.95,garden_tea_party.jpg,22
585,585,Explorer's Discovery Globe,23.5,discovery_globe.jpg,18
586,586,Superstar Karaoke Microphone,19.99,karaoke_microphone.jpg,25
587,587,Space Explorer Rocketship,39.5,explorer_rocketship.jpg,15
588,588,Artistic Expression Easel,27.99,expression_easel.jpg,20
589,589,Wildlife Rescue Playset,32.75,wildlife_rescue_playset.jpg,30
590,590,Construction Builder Toolbox,22.95,construction_toolbox.jpg,25
591,591,Rainbow Harmony Piano,36.5,rainbow_piano.jpg,18
592,592,Mystical Unicorn Carousel,31.99,unicorn_carousel.jpg,22
593,593,Adventure Seeker Backpack,19.25,seeker_backpack.jpg,25
594,594,Robot Friends Building Set,28.99,robot_building_set.jpg,15
595,595,Princess Enchantment Tiara,14.75,enchantment_tiara.jpg,40
596,596,Mini Athlete Sports Kit,24.5,athlete_sports_kit.jpg,20
597,597,Fantasy Dollhouse Wonderland,29.5,fantasy_dollhouse.jpg,15
598,598,Dynamic Building Block Tower,16.99,building_block_tower.jpg,30
599,599,Sweet Treats Baking Set,18.25,sweet_treats_baking_set.jpg,20
600,600,RC Speedster Race Car,44.95,rc_race_car.jpg,15
601,601,Animal Safari Puzzle Playmat,29.75,safari_playmat.jpg,20
602,602,Wizard's Potion Laboratory,25.99,potion_laboratory.jpg,25
603,603,Astronaut Spacewalk Simulator,37.5,spacewalk_simulator.jpg,18
604,604,Magical Garden Tea Set,19.95,garden_tea_set.jpg,25
605,605,Adventure Explorer Backpack,28.99,explorer_backpack.jpg,20
606,606,Enchanted Fairy Tale Castle,36.5,fairy_tale_castle.jpg,18
607,607,Enchanted Forest Adventure Set,29.95,forest_adventure_set.jpg,25
608,608,Space Explorer Rocket Ship,44.99,rocket_ship.jpg,20
609,609,Colorful Dream Catcher Kit,17.75,dream_catcher_kit.jpg,30
610,610,Mermaid Underwater Adventure,38.5,mermaid_adventure.jpg,18
611,611,Safari Wildlife Puzzle,14.25,wildlife_puzzle.jpg,25
612,612,Time Traveler's Adventure Clock,26.95,adventure_clock.jpg,20
613,613,Dragon Castle Playset,34.5,dragon_castle.jpg,15
614,614,Astronaut Spacewalk Backpack,22.99,spacewalk_backpack.jpg,30
615,615,Robotic Pet Companion,28.75,robotic_pet_companion.jpg,18
616,616,Artistic Galaxy Painting Kit,19.5,galaxy_painting_kit.jpg,25
617,617,Wild West Cowboy Adventure,32.95,western_adventure.jpg,15
618,618,Futuristic Space Station,49.75,space_station.jpg,12
619,619,Rainbow Unicorn Plush,24.99,unicorn_plush.jpg,20
620,620,Robot Soccer Championship,38.25,robot_soccer_championship.jpg,15
621,621,Princess Royal Carriage,42.99,royal_carriage.jpg,18
622,622,Interactive Zoo Safari,29.5,zoo_safari.jpg,25
623,623,Mystical Wizard Spellbook,16.25,wizard_spellbook.jpg,30
624,624,Dinosaur Fossil Expedition,33.99,fossil_expedition.jpg,20
625,625,Police Officer Role Play Set,26.5,police_role_play.jpg,25
626,626,Arctic Explorer Igloo Set,36.99,arctic_igloo.jpg,18
627,627,Jungle Safari Explorer Kit,22.5,jungle_safari_kit.jpg,25
628,628,Futuristic Robo Racing Car,29.75,robo_racing_car.jpg,30
629,629,Unicorn Princess Castle,38.25,unicorn_castle.jpg,18
630,630,Outdoor Explorer Binoculars,14.99,outdoor_binoculars.jpg,25
631,631,Enchanted Unicorn Plush,19.5,enchanting_unicorn.jpg,15
632,632,Mars Rover Exploration Vehicle,42.75,mars_rover.jpg,18
633,633,Creative Building Block Set,28.99,building_block_set.jpg,25
634,634,Wildlife Safari Jeep Adventure,36.5,safari_jeep.jpg,20
635,635,Mythical Dragon Egg Kit,21.75,dragon_egg_kit.jpg,30
636,636,Robot Battle Arena,48.5,robot_battle_arena.jpg,15
637,637,Interactive Solar System Globe,34.5,solar_system_globe.jpg,25
638,638,Construction Site Crane Truck,27.75,crane_truck.jpg,20
639,639,Fashion Designer Runway Set,39.99,fashion_designer_set.jpg,18
640,640,Outdoor Adventure Tent,32.5,outdoor_adventure_tent.jpg,15
641,641,Animal Rescue Helicopter,45.5,animal_rescue_helicopter.jpg,18
642,642,Fantasy Princess Jewelry Set,18.75,princess_jewelry_set.jpg,30
643,643,Interactive Weather Station,34.99,weather_station.jpg,20
644,644,Monster Truck Rally Set,29.5,monster_truck_rally.jpg,25
645,645,Dinosaur Explorer Backpack,22.75,dinosaur_backpack.jpg,18
646,646,Space Odyssey Telescope Kit,38.25,telescope_kit.jpg,15
647,647,Magical Unicorn Wand Set,24.5,unicorn_wand_set.jpg,25
648,648,Farmyard Friends Playset,28.95,farmyard_friends_playset.jpg,20
649,649,Solar-Powered Racing Car,19.75,solar_racing_car.jpg,25
650,650,Creative Storytelling Puppet Set,32.99,storytelling_puppet_set.jpg,18
651,651,Jungle Explorer Binoculars,14.5,jungle_binoculars.jpg,30
652,652,Police Patrol Motorcycle,26.25,police_motorcycle.jpg,15
653,653,Adventure Quest Board Game,29.95,adventure_quest_game.jpg,25
654,654,Robotics Engineer Kit,44.99,robotics_engineer_kit.jpg,20
655,655,Artistic Canvas Painting Set,17.75,canvas_painting_set.jpg,30
656,656,Superhero Action Figure Set,54.5,superhero_action_figures.jpg,15
657,657,Princess Royal Carriage Set,22.99,princess_royal_carriage.jpg,30
658,658,Dinosaur Fossil Expedition Kit,32.95,dinosaur_fossil_expedition_kit.jpg,15
659,659,Robot Builder Workshop Kit,29.5,robot_builder_workshop_kit.jpg,20
660,660,RoboCraze Robotics Kit,44.99,robo_craze_kit.jpg,20
661,661,Color Burst Art Studio,17.75,color_burst_art_studio.jpg,30
662,662,Superhero Training Camp,54.5,superhero_training_camp.jpg,15
663,663,Underwater Discovery Submarine,38.5,underwater_discovery_submarine.jpg,18
664,664,RoboTech Warriors Battle Pack,39.99,robotech_warriors_battle_pack.jpg,20
665,665,Ultimate Racing Drone Circuit,49.95,ultimate_racing_drone_circuit.jpg,15
666,666,Space Explorer Rocket Launcher,29.75,space_explorer_rocket_launcher.jpg,25
667,667,Construction Master Builder Set,34.5,construction_master_builder_set.jpg,22
668,668,DinoQuest Paleontology Kit,28.99,dinoquest_paleontology_kit.jpg,18
669,669,Superhero Command Center,42.95,superhero_command_center.jpg,15
670,670,Adventure Wilderness Survival Kit,26.5,adventure_wilderness_survival_kit.jpg,18
671,671,Robot Xtreme Battle Arena,59.99,robot_xtreme_battle_arena.jpg,12
672,672,MegaBuilder Construction Crane,36.75,megabuilder_construction_crane.jpg,20
673,673,FutureTech Inventor Lab,32.99,futuretech_inventor_lab.jpg,25
674,674,DinoRangers Action Figure Set,22.5,dinorangers_action_figure_set.jpg,30
675,675,Rocket Launch Command Center,45.25,rocket_launch_command_center.jpg,20
676,676,TechGadget Explorer Kit,27.5,techgadget_explorer_kit.jpg,25
677,677,Wildlife Safari Adventure Jeep,38.5,wildlife_safari_adventure_jeep.jpg,15
678,678,Ultimate Ninja Warrior Training Set,54.99,ultimate_ninja_warrior_training_set.jpg,12
679,679,Futuristic Space Explorer Helmet,19.75,futuristic_space_explorer_helmet.jpg,25
680,680,SuperSpeed Racing Track Set,29.99,superspeed_racing_track_set.jpg,18
681,681,Rocket Scientist Laboratory Kit,36.25,rocket_scientist_laboratory_kit.jpg,15
682,682,Space Odyssey Astronaut Suit,34.99,space_odyssey_astronaut_suit.jpg,25
683,683,RoboBuilders Construction Kit,42.95,robobuilders_construction_kit.jpg,18
684,684,MasterChef Junior Cooking Set,28.5,masterchef_junior_cooking_set.jpg,20
685,685,Racing Legends Slot Car Track,49.99,racing_legends_slot_car_track.jpg,15
686,686,Future Inventors Robotics Lab,54.75,future_inventors_robotics_lab.jpg,12
687,687,Soccer Pro Training Kit,32.25,soccer_pro_training_kit.jpg,25
688,688,Animal Safari Jeep Expedition,37.5,animal_safari_jeep_expedition.jpg,18
689,689,DinoQuest Explorer Backpack,28.99,dinoquest_explorer_backpack.jpg,20
690,690,Ultimate Spy Agent Kit,45.5,ultimate_spy_agent_kit.jpg,15
691,691,MegaRacer Turbo RC Car,39.95,megaracer_turbo_rc_car.jpg,18
692,692,Extreme Skateboard Stunt Set,29.75,extreme_skateboard_stunt_set.jpg,25
693,693,Starship Commander Laser Tag Set,54.99,starship_commander_laser_tag_set.jpg,12
694,694,Junior Mechanics Tool Set,26.5,junior_mechanics_tool_set.jpg,20
695,695,High-Speed Racing Drone,59.99,high_speed_racing_drone.jpg,15
696,696,Sci-Fi Explorer Space Rover,42.75,sci_fi_explorer_space_rover.jpg,18
697,697,Future Aviator Pilot Helmet,19.25,future_aviator_pilot_helmet.jpg,30
698,698,Adventure Camouflage Tent,32.99,adventure_camouflage_tent.jpg,20
699,699,Dynamic Soccer Ball Set,27.5,dynamic_soccer_ball_set.jpg,25
700,700,Survival Skills Outdoor Kit,39.95,survival_skills_outdoor_kit.jpg,18
701,701,Science Explorer Microscope Kit,34.5,science_explorer_microscope_kit.jpg,15
702,702,DinoAdventures Explorer Set,38.75,dinoadventures_explorer_set.jpg,20
703,703,Superhero Training Academy Set,42.99,superhero_training_academy_set.jpg,15
704,704,Space Explorer Jetpack,35.25,space_explorer_jetpack.jpg,18
705,705,Rocket Launch Science Kit,29.99,rocket_launch_science_kit.jpg,20
706,706,Junior Magician Magic Set,26.99,junior_magician_magic_set.jpg,30
707,707,RoboRacers Turbo RC Cars,47.95,roboracers_turbo_rc_cars.jpg,20
708,708,DinoDiscovery Fossil Excavation Kit,29.5,dinodiscovery_fossil_excavation_kit.jpg,25
709,709,Mission Mars Space Explorer Set,39.99,mission_mars_space_explorer_set.jpg,18
710,710,AeroBuilder Airplane Construction Set,34.5,aerobuilder_airplane_construction_set.jpg,20
711,711,Wildlife Safari Animal Figures,28.99,wildlife_safari_animal_figures.jpg,25
712,712,Future Firefighter Water Blaster,32.25,future_firefighter_water_blaster.jpg,18
713,713,Starship Galaxy Space Station,42.75,starship_galaxy_space_station.jpg,15
714,714,Soccer Star Kick Trainer,27.5,soccer_star_kick_trainer.jpg,25
715,715,Sci-Fi Laser Battle Set,49.99,sci_fi_laser_battle_set.jpg,12
716,716,Junior Coding Robot Kit,38.75,junior_coding_robot_kit.jpg,20
717,717,Racing Legends Toy Car Collection,33.5,racing_legends_toy_car_collection.jpg,25
718,718,Extreme Skateboard Ramp Set,26.5,extreme_skateboard_ramp_set.jpg,30
719,719,Space Cadet Rocket Launcher,35.25,space_cadet_rocket_launcher.jpg,18
720,720,Fantasy Knight Castle Playset,29.99,fantasy_knight_castle_playset.jpg,20
721,721,WonderBuilder Marble Run Maze,36.99,wonderbuilder_marble_run_maze.jpg,18
722,722,Outdoor Explorer Telescope,19.25,outdoor_explorer_telescope.jpg,30
723,723,Future Architect Building Blocks,32.99,future_architect_building_blocks.jpg,25
724,724,Master Mechanic Tool Workshop,27.5,master_mechanic_tool_workshop.jpg,25
725,725,Adventure Time Compass Watch,24.99,adventure_time_compass_watch.jpg,30
726,726,Ultimate Ninja Warrior Obstacle Course,42.5,ultimate_ninja_warrior_obstacle_course.jpg,18
727,727,Mars Rover Remote Control Car,39.95,mars_rover_remote_control_car.jpg,20
728,728,Sci-Fi Battle Robot Fighters,44.99,sci_fi_battle_robot_fighters.jpg,15
729,729,Speed Racer Turbo Track Set,33.75,speed_racer_turbo_track_set.jpg,20
730,730,Dino Excavation Adventure Kit,28.5,dino_excavation_adventure_kit.jpg,25
731,731,Astronaut Space Mission Set,36.99,astronaut_space_mission_set.jpg,18
732,732,Electric Guitar Rockstar Kit,39.95,electric_guitar_rockstar_kit.jpg,30
733,733,Jungle Expedition Safari Kit,24.75,jungle_expedition_safari_kit.jpg,25
734,734,Construction Engineer Building Set,32.5,construction_engineer_building_set.jpg,20
735,735,Fireman Rescue Water Hose,31.25,fireman_rescue_water_hose.jpg,18
736,736,Galactic Starship Command Center,44.75,galactic_starship_command_center.jpg,15
737,737,Street Soccer Freestyle Ball,26.5,street_soccer_freestyle_ball.jpg,25
738,738,Robotic Engineer Experiment Kit,29.95,robotic_engineer_experiment_kit.jpg,20
739,739,Race Car Driver Helmet Set,48.99,race_car_driver_helmet_set.jpg,12
740,740,Junior Scientist Chemistry Lab,37.75,junior_scientist_chemistry_lab.jpg,20
741,741,Speedway Legends Die-Cast Cars,33.5,speedway_legends_die_cast_cars.jpg,25
742,742,Skateboard Trick Master Ramp,26.99,skateboard_trick_master_ramp.jpg,30
743,743,Galactic Explorer Rocket Set,35.25,galactic_explorer_rocket_set.jpg,18
744,744,Medieval Knight Castle Playset,29.99,medieval_knight_castle_playset.jpg,20
745,745,Rollercoaster Marble Run Maze,36.99,rollercoaster_marble_run_maze.jpg,18
746,746,Stargazer Telescope Exploration,19.25,stargazer_telescope_exploration.jpg,30
747,747,Futuristic Builder Block Set,32.99,futuristic_builder_block_set.jpg,25
748,748,Master Inventor Science Lab,27.5,master_inventor_science_lab.jpg,25
749,749,Adventurer's Compass Wristwatch,24.99,adventurers_compass_wristwatch.jpg,30
750,750,Ninja Warrior Challenge Obstacle,42.5,ninja_warrior_challenge_obstacle.jpg,18
